Sunday Best,Surfaces,"""Sunday Best"" by Surfaces:
    [Intro: Forrest]
    Good, feeling good
    
    [Chorus: Forrest]
    Ayy, feeling good, like I should
    Went and too..."
Dollar,Electric Guest,"""Dollar"" by Electric Guest:
    [Verse 1]
    Ooh
    You think I'm nothin' but another fool
    I'm better
    I'm better than you
    I'm like ooh
    I c..."
OK,Wallows,"""OK"" by Wallows:
    [Verse 1: Dylan Minnette]
    I know you so well
    You know that I can tell the slightest difference in yo..."
Moon (And It Went Like),Kid Francescoli,"""Lore Of The Unicorn - Chapter 8"" by Odell Shepard:
    CHAPTER VIII
    
    CONJECTURES
    
    HAVING considered some of the more important arguments and observations t..."
Supalonely,BENEE,"""Supalonely"" by BENEE:
    [Chorus: BENEE]
    I know I fucked up, I'm just a loser
    Shouldn't be with ya, guess I'm a quitter
    While..."
Honeypie,JAWNY,"""Honeypie"" by JAWNY:
    [Chorus]
    Ooh, girl, don't you stop
    Don't you stop 'til you get enough, honey
    Oh, honey, honey-pie, h..."
Little Things (with Quinn XCII & Chelsea Cutler),Louis The Child,"""New Music Friday 4/3/20"" by Spotify:
    Drake - Toosie Slide
    DaBaby - Find My Way
    Frank Ocean - Dear April
    Troye Sivan - Take Yourself Home
    ..."
For a Minute,WizTheMc,"""For a Minute"" by WizTheMc:
    [Chorus]
    You want my love
    I want your heart
    Just for a minute
    Come by and let me fill it
    Cause
    You w..."
Chemicals,SG Lewis,"""Chemicals"" by SG Lewis:
    [Verse 1]
    She knows, she knows what she's done
    And finally, I’m fallin' under
    And she might never gi..."
Floating (feat. Khalid) [filous Remix],Alina Baraz,"""Floating (filous Remix)"" by Alina Baraz:
    [Verse 1: Alina Baraz]
    It's in the way you see
    You know what I need
    It's in the way that you're hold..."
Purple Hat,Sofi Tukker,"""Purple Hat"" by Sofi Tukker:
    [Verse 1]
    Purple hat, cheetah print
    Dancing on the people
    Rolled up at the after joint
    Dancing‚ danc..."
Borderline,Tame Impala,"""Borderline"" by Tame Impala:
    [Intro]
    Ah
    
    [Verse 1]
    Gone a little far, gone a little far this time for somethin'
    How was I to know..."
Butterflies,Fiji Blue,"""Butterflies"" by Fiji Blue:
    [Verse 1]
    You
    You should've seen the way that you bloomed
    I think I saw your face in the moon
    I prom..."
Tokyo Drifting (with Denzel Curry),Glass Animals,"""New Music Friday 11/15/19"" by Spotify:
    Billie Eilish - everything i wanted
    Khalid - Up All Night
    Marshmello - Tongue Tied (with YUNGBLUD & ..."
Rushing Back,Flume,"""Rushing Back"" by Flume:
    [Verse 1: Vera Blue]
    I always let the days slip away
    I should have been making up my mind
    I never op..."
Nirvana,ELLIANA,"""Nirvana"" by ELLIANA:
    [Verse 1]
    These are the times that I think about
    Red lights and the feeling that I needed you
    We dri..."
Group Therapy,Elohim,"""Group Therapy"" by Elohim:
    [Verse 1]
    Sun comes up, layin' in bed
    Up too late, feel like I'm dead
    Head is pounding like I'm drow..."
ROCKSTAR (feat. Roddy Ricch),DaBaby,"""DaBaby - Rockstar ft. Roddy Ricch (RnB/Pop/Electro Remix)"" by GALLO:
    [Intro: DaBaby]
    Woo, woo
    I pull up (pull up)
    Like
    How you pull up, Baby? How you pull up? (Oh, oh, o..."
Needs,Verzache,"""Needs"" by Verzache:
    [Chorus]
    Enjoy yourself, enjoy yourself
    Just leave me for somebody else
    Enjoy yourself, enjoy yourse..."
Make You Mine,PUBLIC,"""Make You Mine"" by PUBLIC:
    [Verse 1]
    Well, I will call you darlin' and everything will be okay
    'Cause I know that I am yours an..."
EARFQUAKE,"Tyler, The Creator","""EARFQUAKE"" by Tyler, The Creator:
    [Intro: Tyler, The Creator & Playboi Carti]
    For real, for real this time
    For real, for real, for rea..."
Can I Call You Tonight?,Dayglow,"""Can I Call You Tonight?"" by Dayglow:
    [Verse 1]
    I feel close
    Well maybe I'm not, heaven knows
    It's a spotlight stuck on the ceiling
    Why ar..."
Youuu,COIN,"""Youuu"" by COIN:
    [Verse 1]
    I know your heart
    And I know your downfall
    Though we fell apart
    It was no one's fault
    I've..."
Nothing,SADBOii,"""Nothing"" by SADBOii:
    [Verse 1]
    Here it comes again, like an old, forgotten friend
    Just heat it up and boil it down to not..."
Lose My Mind (feat. Mr Gabriel),Jai Wolf,"""Lose My Mind"" by Jai Wolf:
    [Intro]
    Ooh-ooh, ooh-ooh
    Ooh-ooh, ooh-ooh
    
    [Verse 1]
    In and out, counting hours, rocketing around
    Ho..."
Good Day,iann dior,"""Good Day"" by ​iann dior:
    [Intro]
    I'm out of my mind, I'm out of my mind
    And I can't take it, I can't take it
    
    [Pre-Chorus]
    Wh..."
Running Red Lights (feat. Rivers Cuomo & Pink Siifu),The Avalanches,"""Running Red Lights"" by The Avalanches:
    [Chorus]
    Running, running red lights
    Red lights, red lights
    I been running red lights
    To get to you
    ..."
Let Go Today,Shoffy,"""Let Go Today"" by Shoffy:
    [Verse 1]
    You holding your phone tight
    You lock it up like Fort Knox
    Something just ain't right
    Feel..."
Potions,SLANDER,"""Potions"" by SLANDER & Said The Sky:
    [Verse 1]
    I remember when I saw you at the end of that night
    I was lookin' for some trouble, you wer..."
Imaginary Friends - St. Lucia Remix,Japanese Wallpaper,
Sanctuary,Joji,"""Sanctuary"" by Joji:
    [Verse 1]
    Go ahead and bark after dark
    Fallen star, I'm your one call away
    Motel halls, neon walls
    W..."
THE SCOTTS,THE SCOTTS,"""THE SCOTTS"" by THE SCOTTS:
    [Intro: Travis Scott]
    Let's go
    
    [Verse 1: Travis Scott & Kid Cudi]
    We see the hype outside (Yeah)
    Ri..."
Blueberry Faygo,Lil Mosey,"""Blueberry Faygo"" by Lil Mosey:
    [Intro]
    Damn, Callan (Damn, Callan)
    
    [Chorus]
    One bad bitch and she do what I say so (Yeah)
    Two big ..."
Blinding Lights,The Weeknd,"""Blinding Lights"" by The Weeknd:
    [Intro]
    Yeah
    
    [Verse 1]
    I've been tryna call
    I've been on my own for long enough
    Maybe you can show ..."
Toosie Slide,Drake,"""Toosie Slide"" by Drake:
    [Pre-Chorus]
    Black leather glove, no sequins
    Buckles on the jacket, it's Alyx shit
    Nike crossbody, g..."
The Box,Roddy Ricch,"""The Box"" by Roddy Ricch:
    [Chorus]
    Pullin' out the coupe at the lot
    Told 'em fuck 12, fuck SWAT
    Bustin' all the bells out the ..."
GOOBA,6ix9ine,"""GOOBA"" by 6ix9ine:
    [Chorus]
    I tell a nigga don't dick ride, don't blick ride
    Leave it to the double thick thighs, twin ..."
WHATS POPPIN,Jack Harlow,"""WHATS POPPIN"" by Jack Harlow:
    [Chorus]
    What's poppin'? (Pooh, you a fool for this one)
    Brand new whip just hopped in (Just hopped ..."
Party Girl,StaySolidRocky,"""Party Girl"" by StaySolidRocky:
    [Intro]
    Girls just wanna have fun
    So they party, so they party
    (Ayy, yo, Nashi, you goin' crazy)
    
    [C..."
Stuck with U (with Justin Bieber),Ariana Grande,"""Stuck with U"" by Ariana Grande & Justin Bieber:
    [Intro: Ariana Grande]
    Mmm
    Hey, yeah
    (That's just for fun)
    (What?)
    (I'm stuck with you)
    Ah
    
    [Verse 1..."
Roses - Imanbek Remix,SAINt JHN,"""Roses (Imanbek Remix)"" by SAINt JHN:
    [Verse 1]
    Roses
    I walked in the corner with the body screaming dolo
    Never sold a bag but look like P..."
Savage Remix (feat. Beyoncé),Megan Thee Stallion,"""Megan Thee Stallion (ft. Beyoncé) - Savage (Remix) (Polskie Tłumaczenie)*"" by Genius Polska Tłumaczenia:
              
                Lyrics for this song have yet to be released. Please check back once the song..."
After Party,Don Toliver,"""After Party"" by Don Toliver:
    [Chorus]
    Okay, I pull up, hop out at the after party
    You and all your friends, yeah, they love to ge..."
Life Is Good (feat. Drake),Future,"""Future - Life Is Good ft. Drake (Русский перевод)"" by Genius Russian Translations:
    [Перевод песни ""Future - Life Is Good (feat. Drake)""]
    
    [Часть I]
    
    [Припев: Drake]
    Работаю на выходны..."
Righteous,Juice WRLD,"""Righteous"" by Juice WRLD:
    [Intro]
    I will (Will)
    I will (I will)
    I will
    Oh-ooh (Oh-ooh)
    Uh (Uh)
    
    [Chorus]
    All white Gucci suit,..."
Walk Em Down (feat. Roddy Ricch),NLE Choppa,"""Walk Em Down"" by NLE Choppa:
    [Intro: NLE Choppa]
    (CashMoneyAP)
    Ooh, ooh, no, no
    NLE the Top Shotta
    
    [Chorus: NLE Choppa]
    Uh, post..."
death bed (coffee for your head) (feat. beabadoobee),Powfu,"""​​death bed (coffee for your head)"" by Powfu:
    [Intro: beabadoobee]
    Don't stay awake for too long, don't go to bed
    I'll make a cup of coffee for yo..."
Flex (feat. Juice WRLD),Polo G,"""Flex"" by Polo G:
    [Intro: Polo G]
    Mm-mm-mm, mm-mm-mm
    (Hit-Boy)
    Mm-mm-mm, mm-mm-mm
    
    [Chorus: Polo G]
    Natural born hustl..."
Circles,Post Malone,"""Circles"" by Post Malone:
    [Intro]
    Oh, oh, oh
    Oh,  oh, oh
    Oh,  oh, oh, oh, oh
    
    [Verse 1]
    We couldn't turn around 'til we were u..."
Sunday Best,Surfaces,"""Sunday Best"" by Surfaces:
    [Intro: Forrest]
    Good, feeling good
    
    [Chorus: Forrest]
    Ayy, feeling good, like I should
    Went and too..."
Say So (feat. Nicki Minaj),Doja Cat,"""Say So (Remix)"" by Doja Cat:
    [Intro: Nicki Minaj]
    Yeah, you know it
    Mmm, this the remix
    Doja, rrr
    
    [Chorus: Doja Cat & Nicki Mina..."
Intentions (feat. Quavo),Justin Beiber,"""Intentions"" by Justin bieber and quavo:
    He's perfect, perfect he dont need no filter
    Flawless never had to sin to be a leader
    Showers us wit..."
Don't Start Now,Dua Lipa,"""Don’t Start Now"" by Dua Lipa:
    [Intro]
    If you don't wanna see me
    
    [Verse 1]
    Did a full 180, crazy
    Thinking 'bout the way I was
    Did ..."
Adore You,Harry Styles,"""Adore You"" by Harry Styles:
    [Verse 1: Harry Styles]
    Walk in your rainbow paradise (Paradise)
    Strawberry lipstick state of mind (..."
Sea Change,Beck,"""No Backward Glances"" by Seachange:
    She was the one they turned to
    When all else had seemed to fail
    She was the one who listened
    Who gav..."
Into the Unknown,Idina Menzel,"""Into the Unknown"" by Idina Menzel & AURORA:
    [Intro: AURORA]
    Ooh
    Ooh
    Ooh
    
    [Verse 1: Idina Menzel]
    I can hear you, but I won't
    Some look for troub..."
Coaster,Khalid,"""Coaster"" by Khalid:
    [Verse 1]
    As time passes, I feel so low
    Searchin' for pieces, covering up the hole
    I'll fight for yo..."
Solitaires (feat. Travis Scott),Future,"""Future - Solitaires ft. Travis Scott (Tradução em Português)"" by Genius Brasil Traduções:
    [Intro: Future]
    (Wheezy daqui)
    
    [Refrão: Travis Scott]
    Diamantes únicos, joias únicas
    Com uma mina q..."
Chicago Freestyle (feat. Giveon),Drake,"""Drake - Chicago Freestyle (ft. Giveon) (Traduction Française)"" by Genius Traductions Françaises:
    [Refrain : Giveon]
    Deux heures trente, bébé, tu veux pas me rejoindre près de The Bean ?
    Trop tôt, p..."
Supalonely,BENEE,"""Supalonely"" by BENEE:
    [Chorus: BENEE]
    I know I fucked up, I'm just a loser
    Shouldn't be with ya, guess I'm a quitter
    While..."
Say So,Doja Cat,"""Say So"" by Doja Cat:
    [Chorus]
    Day to night to morning, keep with me in the moment
    I'd let you had I known it, why don't y..."
ROXANNE,Arizona Zervas,"""ROXANNE"" by Arizona Zervas:
    [Intro]
    All for the 'Gram
    Bitches love the 'Gram
    Oh, wait, shit
    Brr, brr (Ayy, yeah, yeah, yeah, ayy..."
Falling,Trevor Daniel,"""Falling"" by Trevor Daniel:
    [Intro]
    Oh
    Ooh, ooh
    
    [Chorus]
    My last made me feel like I would never try again
    But when I saw you, ..."
Onthou,Ever So Blue,"""The Tempest Act 1 Scene 2"" by William Shakespeare:
    SCENE II. The island. Before PROSPERO'S cell.
    
    Enter PROSPERO and MIRANDA
    
    MIRANDA
    If by your art, m..."
Gaze,Moux,"""Foucault’s Gaze"" by Mood Cru:
    [Verse 1]
    
    He’s a hero, he’s a hero
    Propaganda fake news, you selfish peers pilo
    We know, saving fac..."
Choices,Patricia Sevin,"""Investigation of the Ferguson Police Department"" by United States Department of Justice:
    Investigation of the
    Ferguson Police Department
    United States Department of Justice
    Civil Rights Div..."
Alene uden dig,Tosh Moller,
Solitude,Joep Beving,"""Finnegan’s Wake (Chap. 2.3)"" by James Joyce:
    It may not or maybe a no concern of the Guinnesses but.
    
    That the fright of his light in tribalbalbu..."
Vals De Rodrigues,Eric Badanti,
Isla De Flores,Berlioz,
Sagittabondo,Maura Bellucci,
Whitby,Stephan Moccio,
Des ponts plutot que des murs,Zdenek Lemelin,
Continuo,Mauro Cangemi,
Duende,Amity Fall,
The Cottage,Pamela Goldings,
Mere bien-aimee,Celine Aubin,
Comforting,Albert Riqueti,
Watching Over You,Jef Martens,
Just Us,Geir Gudmundson,
And I Always Will,Julien Thorsen,
Theben,Oskar Schuster,"""Vs. EnteTainment [King-Finale JBB 2015]"" by Gio:
    - Speedfreak -
    
    [Part 1]
    Du bist im Finale, sie sind alle begeistert
    Doch du hast dich solang' verbo..."
Samarcande,Limestone Quarry,
Con el tiempo todo se consigue,Claribel Ramon,"""Soledad"" by Rapsusklei:
    Letra de ''Soledad'' ft. Los Aldeanos
    [Verso 1: ALDO]
    Estoy tan solo, tan solo que solo tengo estas ..."
Where's My Love - Piano Solo,SYML,"""Signifying Rappers"" by David Foster Wallace:
    ""The schools in a portion of Boston stretching from just south of South Boston through Roxbury and i..."
N'abandonne pas,Libor Kolman,
Finding Hope,Haakon Stange,
Fracture,Stephan Moccio,
Bellevue,Franz Becker,"""Quotes on Lionel Messi"" by Lionel Messi:
    • Adidas: ""When you've won 4 Ballon d'or awards, #therewillbehaters.""
    • Pep Guardiola: ""Don’t write ..."
Aquatic,Sigrid Vass,
I Remember,Rod Wave,"""I Remember"" by Rod Wave:
    [Intro]
    (Pipe that shit up, TnT, LC)
    
    [Chorus]
    It was trials and tribulations on the road to chasing..."
Mrs.Kelley,Leroy Bolander,
Hakuna Matata,Nathan Lane,"""Hakuna Matata"" by Walt Disney Records:
    [TIMON]
    Hakuna matata! What a wonderful phrase!
    
    [PUMBAA]
    Hakuna matata! Ain't no passing craze!
    
    [T..."
When I Am Older,Josh Gad,"""When I Am Older"" by Josh Gad:
    [Intro]
    What was that? Samantha?
    
    [Verse 1]
    This will all make sense when I am older
    Someday I will ..."
"I Won't Say (I'm In Love) - From ""Hercules"" / Soundtrack Version",Susan Egan,
"Love Is an Open Door - From ""Frozen""/Soundtrack Version",Kristen Bell,
Speechless (Full),Naomi Scott,"""Speechless (Full)"" by Naomi Scott:
    [Verse 1]
    Here comes a wave meant to wash me away
    A tide that is taking me under
    Swallowing sand, le..."
"All I Want - From ""High School Musical: The Musical: The Series""",Olivia Rodrigo,
"Let It Go - From ""Frozen""/Soundtrack Version",Idina Menzel,
"He Mele No Lilo - From ""Lilo & Stitch""/Soundtrack Version",Mark Keali'i Ho'omalu,
Into the Unknown - Panic! At The Disco Version,Panic! At The Disco,"""Into the Unknown (Panic! at the Disco Version)"" by Panic! at the Disco:
    [Intro]
    Ah-ah, oh-oh
    Ah-ah, oh-oh, oh-oh
    Into the unknown
    Into the unknown
    Into the unknown
    Ah-ah, o..."
You're Welcome,Dwayne Johnson,"""You’re Welcome"" by Dwayne “The Rock” Johnson:
    [Verse 1]
    Okay, okay, I see what's happening here
    You're face-to-face with greatness and it's strang..."
Remember Me (Lullaby),Gael Garcia Bernal,"""Remember Me (Lullaby)"" by Gael García Bernal, Gabriella Flores & Libertad García Fonzi:
    [Verse: Hector & Coco]
    Remember me though I have to say goodbye
    Remember me, don't let it make you c..."
Never Too Late,Elton John,"""Never Too Late"" by Elton John:
    [Intro]
    Qinisa
    Qinisa mfana nge gazi lemvana
    Sonke sithande ngo
    Qinisa, qinisa
    Qinisa nge gazilemvan..."
I2I,Tevin Campbell,
"Once Upon a Dream - From ""Maleficent"" / Pop Version",Mary Costa,
When We're Human,Michael-Leon Wooley,"""When We’re Human"" by Michael-Leon Wooley & Bruno Campos & Anika Noni Rose:
    [Louis]
    If I were a human bein', I'd head straight for New Orleans
    And I'd blow this horn so hot and..."
"Hawaiian Roller Coaster Ride - From ""Lilo & Stitch""/Soundtrack Version",Mark Keali'i Ho'omalu,
Dig a Little Deeper,Jenifer Lewis,"""Dig a Little Deeper"" by Jenifer Lewis:
    [Verse 1]
    Don't matter what you look like
    Don't matter what you wear
    How many rings you got on your ..."
"We're All In This Together - From ""High School Musical""/Soundtrack Version",High School Musical Cast,
Try Everything,Shakira,"""Try Everything"" by Shakira:
    [Intro]
    Oh oh oh oh oooh
    Oh oh oh oh oooh
    Oh oh oh oh oooh
    Oh oh oh oh oooh
    
    [Verse 1]
    I messed up t..."
Friend Like Me,Will Smith,"""Friend Like Me"" by Will Smith:
    [Intro: Genie (Will Smith)]
    Here I go!
    Unh, ooh, woo!
    Back up! Uh-oh! Watch out! Unh!
    You done wound..."
Playing Games (with Bryson Tiller) - Extended Version,Summer Walker,"""Notable Scribes"" by Chloe Conlon ☘️:
    1,000,000+ views✦ Bruno Mars - ""That's What I Like"" (January 2016) // 2.5m
    ✦ Chris Brown - ""Privacy""..."
Nights Like This (feat. Ty Dolla $ign),Kehlani,"""Nights Like This"" by Kehlani:
    [Verse 1: Kehlani]
    You act like you need remindin'
    Tryna do it over, bring it back and rewind it
    But..."
Exchange,Bryson Tiller,"""Exchange"" by Bryson Tiller:
    [Verse 1]
    This what happen when I think 'bout you
    I get in my feelings, yeah
    I start reminiscing, ye..."
Love Me Like (feat. DUCKWRTH),Rayana Jay,"""Love Me Like"" by Rayana Jay:
    [Chorus: Rayana Jay]
    Love me like it's our first time
    Love me like it’s our last
    Love me like it's f..."
"Yo Love - From ""Queen & Slim: The Soundtrack""",Vince Staples,"""New Music Friday 11/15/19"" by Spotify:
    Billie Eilish - everything i wanted
    Khalid - Up All Night
    Marshmello - Tongue Tied (with YUNGBLUD & ..."
Losin Control,Russ,"""Losin Control"" by Russ:
    [Chorus]
    She's falling in love now, losing control now
    Fighting the truth, trying to hide
    But I thin..."
Saved,Khalid,"""Saved"" by Khalid:
    [Intro]
    2, 3, 4
    
    [Verse 1]
    The hard part always seems to last forever
    Sometimes I forget that we are..."
From Time,Drake,"""From Time"" by Drake:
    [Intro: Jhené Aiko]
    What's up?
    Been a minute since we kicked it, you've been caught up
    With them bit..."
Her,Majid Jordan,"""Her"" by Majid Jordan:
    [Chorus]
    I got her, in the palm of, my hand
    She knows I love her
    I got her, thought I lost her, agai..."
You Can't Save Me,SiR,"""You Can’t Save Me"" by SiR:
    [Verse 1]
    In another time, in another place
    You would be mine
    On a brighter day, under a different s..."
Honesty,Pink Sweat$,"""Honesty"" by Pink Sweat$:
    [Verse 1]
    She said, ""Baby, I'm afraid to fall in love
    Cause what if it's not reciprocated?""
    I told h..."
Missin You Crazy,Russ,"""Missin’ You Crazy"" by Russ:
    [Intro]
    Yeah, I been thinking a lot yeah, yeah
    Yeah, yeah, come on
    
    [Pre-Chorus]
    It's been way too l..."
Bacc Seat (feat. Ty Dolla $ign),Roddy Ricch,"""Bacc Seat"" by Roddy Ricch:
    [Chorus: Roddy Ricch]
    She want Celine, she want the Gucci
    I ride with some hundreds on me, I got the..."
Blue Lights,Jorja Smith,"""Blue Lights"" by Jorja Smith:
    [Intro]
    I wanna turn those blue lights into strobe lights
    Not blue flashing lights, maybe fairy ligh..."
Sure Thing,Miguel,"""Sure Thing"" by Miguel:
    [Intro]
    Love You Like a brother
    Treat you like a friend
    Respect you like a lover
    
    [Refrain]
    You coul..."
Girls Need Love (with Drake) - Remix,Summer Walker,"""Novedades de Viernes 01/03/19"" by Spotify:
    [New Music Friday Latin]
    Ximena Sariñana - Cobarde
    Kany Garcia - Quédate (feat. Tommy Torres)
    benny ..."
Streets,Doja Cat,"""Streets"" by Doja Cat:
    [Intro]
    I've been goin' through some things (Oh)
    I struggle with my inner man (Yeah, yeah)
    I hustle,..."
Think About Me,dvsn,"""Think About Me"" by ​dvsn:
    [Verse 1]
    Don't think that we
    Could ever be friends again
    'Cause our history
    Seems like it never end..."
Take (feat. Ty Dolla $ign),Arin Ray,"""Take"" by Arin Ray:
    [Chorus: Arin Ray]
    Just wanna take you home
    Girl, you know I don't wanna say no more
    It's the truth,..."
Die For You,The Weeknd,"""Die for You"" by The Weeknd:
    [Verse 1]
    I'm findin' ways to articulate the feeling I'm goin' through
    I just can't say I don't love..."
Thinkin Bout You,Frank Ocean,"""Thinkin Bout You"" by Frank Ocean:
    [Verse 1]
    A tornado flew around my room before you came
    Excuse the mess it made, it usually doesn't ..."
Poison,Rod Wave,"""Poison"" by Rod Wave:
    [Intro]
    Ayy, ayy, ayy, ayy, ayy, that's probably Tago
    I'm tryna fuck with lil' what's her name, but ..."
Could've Been (feat. Bryson Tiller),H.E.R.,"""Could’ve Been"" by H.E.R.:
    [Intro: H.E.R.]
    Please, allow me to show you something
    Mmm, somebody give me, yeah
    
    [Verse 1: H.E.R...."
I Fall Apart,Post Malone,"""I Fall Apart"" by Post Malone:
    [Intro]
    Ooh, I fall apart
    Ooh, yeah, mmm, yeah
    
    [Verse 1]
    She told me that I'm not enough (Yeah)
    And..."
Don't,Bryson Tiller,"""Don’t"" by Bryson Tiller:
    [Verse 1]
    Don't, don't play with her, don't be dishonest (Ayy)
    Still not understandin' this logic (A..."
Doing It Wrong,Drake,"""Doing It Wrong"" by Drake:
    [Verse 1]
    When a good thing goes bad it's not the end of the world
    It's just the end of a world that..."
Best Part (feat. H.E.R.),Daniel Caesar,"""H.E.R. & Daniel Caesar - Best Part (Traducción al Español)"" by Genius Traducciones al Español:
    [Letra de ""H.E.R. & Daniel Caesar - Best Part (Traducción al Español)""]
    
    [Intro: H.E.R.]
    Oh, ey
    
    [Ve..."
Pretty Little Fears (feat. J. Cole),6LACK,"""Pretty Little Fears"" by 6LACK:
    [Verse 1: 6LACK]
    Do better, who better? You better?
    Been around, like hella propellers
    Wanna know wh..."
Easily,Bruno Major,"""Easily"" by Bruno Major:
    [Chorus]
    Don't you tell me that it wasn't meant to be
    Call it quits, call it destiny
    Just because it..."
Lonely (with Jonas Brothers),Diplo,"""New Music Friday 09/27/19"" by Spotify:
    DaBaby - BOP
    French Montana - Writing on the Wall (feat. Post Malone, Cardi B & Rvssian)
    Diplo - Lon..."
Beautiful People (feat. Khalid),Ed Sheeran,"""Ed Sheeran ft. Khalid - Beautiful People (ترجمه ی فارسی)"" by Genius Farsi Translations (ترجمه‌ی فارسی):
    [Intro: Ed Sheeran]
    We are, we are, we are
    ما هستیم، هستیم، هستیم ...
    [Verse 1: Ed Sheeran]
    L.A. on ..."
"I Just Can't Wait to Be King - From ""The Lion King""/Soundtrack Version",JD McCrary,
"I'll Make a Man Out of You - From ""Mulan""/Soundtrack",Donny Osmond,
I Just Can't Wait to Be King,JD McCrary,"""I Just Can’t Wait to Be King"" by JD McCrary, Shahadi Wright Joseph & John Oliver:
    [Verse 1: JD McCrary & John Oliver]
    I'm gonna be a mighty king
    So enemies beware
    Well I've never see..."
"Touch The Sky - From ""Brave""/Soundtrack",Julie Fowlis,
I Can't Let You Throw Yourself Away,Randy Newman,"""I Can’t Let You Throw Yourself Away"" by Randy Newman:
    [Chorus]
    I can't let you, I can't let you
    I can't let you throw yourself away
    I can't let you (I can..."
"Strangers Like Me - From ""Tarzan""/Soundtrack Version",Phil Collins,
"Step In Time - From ""Mary Poppins""/Soundtrack Version",Dick Van Dyke,
Here Comes Elastigirl - Elastigirl's Theme,Michael Giacchino,
"A Girl Worth Fighting For - From ""Mulan""/Soundtrack",Lea Salonga,
Intentions (feat. Quavo),Justin Bieber,"""Intentions"" by Justin bieber and quavo:
    He's perfect, perfect he dont need no filter
    Flawless never had to sin to be a leader
    Showers us wit..."
Up All Night,Khalid,"""Up All Night"" by Khalid:
    [Verse 1]
    Take me 'round the world and back again
    As I'm searching for my soul out there
    Oh, there's..."
Tattoos Together,Lauv,"""Tattoos Together"" by Lauv:
    [Verse 1]
    Said I'd never fall, I'd never fall, I'd never fall
    But then I fell for you, mmm
    Back agai..."
Unbelievable,Why Don't We,"""Unbelievable"" by Why Don’t We:
    [Verse 1: Daniel Seavey & Corbyn Besson]
    Hey, how did we, how did we
    How did we end up at your place..."
Ready,Alessia Cara,"""Ready"" by Alessia Cara:
    [Verse 1: Alessia Cara]
    I think it's safe to say that you will always change
    New colours day-to-day;..."
"10,000 Hours (with Justin Bieber)",Dan + Shay,"""New Music Friday 10/04/19"" by Spotify:
    Travis Scott - HIGHEST IN THE ROOM
    Camila Cabello - Cry for Me
    Dan + Shay - 10,000 Hours (with Justi..."
Call You Mine,The Chainsmokers,"""Call You Mine"" by The Chainsmokers & Bebe Rexha:
    [Verse 1]
    Two kids with their hearts on fire
    Who's gonna save us now?
    When we thought that we couldn..."
Never Seen The Rain,Tones And I,"""Never Seen the Rain"" by Tones and I:
    [Verse 1]
    All your life now
    You couldn't be mad about it
    You've been sailing, sailing‚ ooh
    You could..."
Watermelon Sugar,Harry Styles,"""Watermelon Sugar"" by Harry Styles:
    [Verse 1]
    Tastes like strawberries on a summer evenin'
    And it sounds just like a song
    I want more be..."
What A Man Gotta Do,Jonas Brothers,"""What a Man Gotta Do"" by Jonas Brothers:
    [Verse 1: Nick Jonas]
    Cut my heart about one, two times
    Don't need to question the reason I'm yours,..."
Nobody,Martin Jensen,"""Nobody"" by Martin Jensen & James Arthur:
    [Verse 1: James Arthur]
    Dressed up all night, there's no one to impress
    Standing in lines till I sme..."
Nice To Meet Ya,Niall Horan,"""Nice to Meet Ya"" by Niall Horan:
    [Verse 1]
    I like the way you talk, I like the things you wear
    I want your number tattooed on my arm ..."
Midnight (feat. Liam Payne),Alesso,"""Alesso - Midnight (ft. Liam Payne)"" by Genius Türkçe Çeviri:
    [Verse 1]
    Hep yarışı kaybettiğimi düşünürdüm
    Aşkı hep yanlış yerlerde arardım
    Gerçekten buralara nas..."
Post Malone (feat. RANI),Sam Feldt,"""Post Malone"" by Sam Feldt:
    [Verse 1]
    One more drink, got one more Bacardi
    One more dance at this afterparty
    We still going, goi..."
Be Kind (with Halsey),Marshmello,"""New Music Friday 05/01/20"" by Spotify:
    Drake - Pain 1993 (with Playboi Carti)
    Marshmello - Be Kind (with Halsey)
    Megan Thee Stallion - Sava..."
Circles,Post Malone,"""Circles"" by Post Malone:
    [Intro]
    Oh, oh, oh
    Oh,  oh, oh
    Oh,  oh, oh, oh, oh
    
    [Verse 1]
    We couldn't turn around 'til we were u..."
Black And White,Niall Horan,"""Black and White"" by Niall Horan:
    [Verse 1]
    That first night, we were standin' at your door
    Fumblin' for your keys, then I kissed you
    ..."
I Love You's,Hailee Steinfeld,"""I Love You’s"" by Hailee Steinfeld:
    [Intro]
    Doo-bee-doo-bee-doo-doo-doo, ah
    Doo-bee-doo-bee-doo-doo-doo, ah
    Doo-bee-doo-bee
    
    [Verse 1]
    W..."
Know Your Worth,Khalid,"""Know Your Worth"" by Khalid & Disclosure:
    [Verse 1]
    He keeps leaving you for dead
    I don't know what you been waiting for
    So you've got your lo..."
Lights Up,Harry Styles,"""Lights Up"" by Harry Styles:
    [Verse 1]
    What do you mean?
    I'm sorry by the way
    Never coming back down
    Can't you see?
    I could, but ..."
Never Really Over,Katy Perry,"""Never Really Over"" by Katy Perry:
    [Verse 1]
    I'm losing my self control
    Yeah, you’re starting to trickle back in
    But I don't wanna fall..."
Graveyard,Halsey,"""Graveyard"" by Halsey:
    [Verse 1]
    It's crazy when
    The thing you love the most is the detriment
    Let that sink in
    You can thin..."
Takeaway,The Chainsmokers,"""Takeaway"" by The Chainsmokers & Illenium:
    [Intro: Lennon Stella]
    Your heart for takeaway, yeah, yeah, yeah-yeah
    Your heart for takeaway, yeah,..."
Good as Hell (feat. Ariana Grande) - Remix,Lizzo,"""Good as Hell (Remix)"" by Lizzo:
    [Chorus: Lizzo]
    I do my hair toss, check my nails
    Baby, how you feelin'? (Feelin' good as hell)
    Hair..."
Memories,Maroon 5,"""Memories"" by Maroon 5:
    [Chorus]
    Here's to the ones that we got
    Cheers to the wish you were here, but you're not
    'Cause the ..."
Free Spirit,Khalid,"""Free Spirit"" by Khalid:
    [Verse 1]
    We were running onto something
    And we didn't say ""forever,"" but it's all we wanted
    You wer..."
The Bones - with Hozier,Maren Morris,"""The Bones (with Hozier)"" by Maren Morris:
    [Verse 1: Maren Morris]
    We're in the homestretch of the hard times
    We took a hard left, but we're al..."
Don't Start Now,Dua Lipa,"""Don’t Start Now"" by Dua Lipa:
    [Intro]
    If you don't wanna see me
    
    [Verse 1]
    Did a full 180, crazy
    Thinking 'bout the way I was
    Did ..."
Body Back (feat. Maia Wright),Gryffin,"""Body Back"" by Gryffin:
    [Verse 1]
    Who cares what the world's gonna say?
    'Cause you know they're gonna say it anyway
    (And I k..."
Sixteen,Ellie Goulding,"""Sixteen"" by Ellie Goulding:
    [Verse 1]
    Do you remember when we moved out?
    My mum said, ""I love you, but it's a small house""
    So we..."
What A Man Gotta Do,Jonas Brothers,"""What a Man Gotta Do"" by Jonas Brothers:
    [Verse 1: Nick Jonas]
    Cut my heart about one, two times
    Don't need to question the reason I'm yours,..."
What I Like About You (feat. Theresa Rex),Jonas Blue,"""What I Like About You"" by Jonas Blue:
    [Verse 1]
    All my life I've been a good girl
    Tryna do what's right, never told no lies
    Then you came ..."
Sing It With Me,JP Cooper,"""Sing It With Me"" by JP Cooper & Astrid S:
    [Verse 1: JP Cooper]
    I keep seeing you lately
    Singing your favorite songs out loud
    And it's making m..."
I Don't Care (with Justin Bieber),Ed Sheeran,"""New Music Friday 05/10/19"" by Spotify:
    Ed Sheeran - I Don't Care (with Justin Bieber)
    Logic - Icy (feat. Gucci Mane)
    Avicii - Tough Love
    Ru..."
Never Seen The Rain,Tones And I,"""Never Seen the Rain"" by Tones and I:
    [Verse 1]
    All your life now
    You couldn't be mad about it
    You've been sailing, sailing‚ ooh
    You could..."
Never Really Over,Katy Perry,"""Never Really Over"" by Katy Perry:
    [Verse 1]
    I'm losing my self control
    Yeah, you’re starting to trickle back in
    But I don't wanna fall..."
Slow Dance (feat. Ava Max) - Sam Feldt Remix,AJ Mitchell,
Younger,Jonas Blue,"""Younger"" by Jonas Blue:
    [Intro]
    Oooh, oooh
    Ooh
    
    [Verse 1]
    Someday, we'll be a million miles away
    Waking up on Monday morning..."
Rescue Me,OneRepublic,"""Rescue Me"" by OneRepublic:
    [Chorus]
    Would you rescue me? Would you get my back?
    Would you take my call when I start to crack?
    W..."
Harder (with Bebe Rexha),Jax Jones,
No One Compares To You,Jack & Jack,"""No One Compares to You"" by Jack & Jack:
    [Verse 1: Jack G]
    Thoughts of you and me keep passing by
    Like ships in the night, we never collide (..."
Big Plans,Why Don't We,"""Big Plans"" by Why Don’t We:
    [Verse 1: Daniel Seavey]
    Work all day, work all night
    Might not get no sleep tonight
    Baby, can you s..."
Polaroid,Jonas Blue,"""Polaroid"" by Jonas Blue, Liam Payne & Lennon Stella:
    [Verse 1: Liam Payne]
    Let me tell you how it happened
    I wasn't looking for someone that night
    No, I ..."
Family,The Chainsmokers,"""Family"" by The Chainsmokers & Kygo:
    [Intro]
    Family
    
    [Verse 1]
    I know water that's thicker than blood
    That's deeper than love with my fri..."
Rewrite The Stars (with James Arthur & Anne-Marie),James Arthur,"""New Music Friday 11/16/18"" by Spotify:
    The Chainsmokers - Beach House
    Anderson .Paak - 6 Summers
    City Girls - Twerk (feat. Cardi B)
    Mike Wi..."
Only Human,Jonas Brothers,"""Only Human"" by Jonas Brothers:
    [Intro: Nick Jonas]
    Yeah, ayy
    
    [Verse 1: Joe Jonas]
    I don't want this night to end
    It’s closing time..."
In Betweenin',AUSTN,"""In Betweenin’"" by AUSTN:
    [Verse 1]
    Here's the part where things get messy
    Here’s the part where we say what we haven't before..."
Love You Better,Echosmith,"""Love You Better"" by Echosmith:
    [Intro]
    Oh, oh
    
    [Verse 1]
    Why?
    Never wrote to tell me goodbye
    I guess that I
    Got too busy to notice ..."
Call You Mine,The Chainsmokers,"""Call You Mine"" by The Chainsmokers & Bebe Rexha:
    [Verse 1]
    Two kids with their hearts on fire
    Who's gonna save us now?
    When we thought that we couldn..."
Can We Pretend (feat. Cash Cash),P!nk,"""Can We Pretend"" by P!nk:
    [Verse 1]
    I remember conversations
    We were dancing up on tables
    Taking pictures when we had nowhere ..."
Ooh Girl (feat. A Boogie Wit da Hoodie),Kris Kross Amsterdam,"""Ooh Girl"" by Kris Kross Amsterdam:
    [Intro: Conor Maynard]
    Ooh, girl, I love you so
    Never ever ever, won't let you go
    Once I get my hand..."
Small Talk,Niall Horan,"""Small Talk"" by Niall Horan:
    [Verse 1]
    She's been lookin' at me all night
    I'm terrified, I know why, baby
    She's got the wrong cra..."
Higher Love,Kygo,"""Higher Love"" by Kygo & Whitney Houston:
    [Intro]
    Bring me higher love, love
    Bring me higher love
    
    [Verse 1]
    Think about it, there must be a h..."
"You Can't Stop The Girl (From Disney's ""Maleficent: Mistress of Evil"")",Bebe Rexha,"""New Music Friday 09/20/19"" by Spotify:
    Maroon 5 - Memories
    DaBaby - INTRO
    Lauv - Feelings
    blink-182 - Pin the Grenade
    Liam Payne - Stack It..."
Get To Know You,Tomo Nakayama,"""Get On The Dance Floor"" by Da Pump:
    Toujou wa shimaguni funky 4! 4 mic tsunagaridasu funky sound!
    Dp (& you) get funky! (funky 4!) puras..."
Don't Start Now,Dua Lipa,"""Don’t Start Now"" by Dua Lipa:
    [Intro]
    If you don't wanna see me
    
    [Verse 1]
    Did a full 180, crazy
    Thinking 'bout the way I was
    Did ..."
Perfect to Me,Anne-Marie,"""Perfect to Me"" by Anne-Marie:
    [Chorus]
    Don't feel like putting makeup on my cheeks
    Do what I wanna
    Love every single part of my bo..."
Let It Be Me (feat. Ava Max),David Guetta,"""Let It Be Me"" by David Guetta:
    [Chorus]
    When you're faded and alone
    And need somebody on the phone
    Let it be me, let it be me
    When ..."
